user_id,date,data_type,sleep_score,sleep_total_duration_sec,sleep_deep_duration_sec,sleep_rem_duration_sec,sleep_light_duration_sec,sleep_awake_time_sec,sleep_efficiency,sleep_latency_sec,average_heart_rate,lowest_heart_rate,average_hrv,average_breath_rate,readiness_score,activity_score,activity_steps,activity_total_calories,activity_active_calories,activity_high_activity_time_sec,activity_medium_activity_time_sec,activity_low_activity_time_sec,body_temperature_deviation,stress_high_time_sec,recovery_high_time_sec,spo2_average,vo2_max,cardiovascular_age
user_001,2024-01-15,sleep,85,28800,7200,6480,14400,720,94,480,58,46,65,14.5,,,,,,,,,,,,,
user_001,2024-01-15,readiness,,,,,,,,,,,,,82,,,,,,,,0.2,,,,
user_001,2024-01-15,activity,,,,,,,,,,,,,,,78,8542,2456,892,3240,5820,7680,,,,,
user_001,2024-01-15,daily_stress,,,,,,,,,,,,,,,,,,,,,,,2340,12600,,,
user_001,2024-01-15,spo2,,,,,,,,,,,,,,,,,,,,,,,,,96.8,,
user_002,2024-01-15,sleep,72,25200,5400,5040,13680,1080,88,720,62,48,58,15.2,,,,,,,,,,,,,
user_002,2024-01-15,readiness,,,,,,,,,,,,,76,,,,,,,,0.5,,,,
user_002,2024-01-15,activity,,,,,,,,,,,,,,,65,6234,2145,654,2160,4320,6540,,,,,
user_002,2024-01-15,cardiovascular_age,,,,,,,,,,,,,,,,,,,,,,,,,,,42
user_002,2024-01-15,vo2_max,,,,,,,,,,,,,,,,,,,,,,,,,,45.2,
user_003,2024-01-15,sleep,91,30600,8100,7020,14760,720,96,360,55,44,72,13.8,,,,,,,,,,,,,
user_003,2024-01-15,readiness,,,,,,,,,,,,,88,,,,,,,,,-0.1,,,,
user_003,2024-01-15,activity,,,,,,,,,,,,,,,92,12456,2987,1234,5400,8640,9360,,,,,
user_003,2024-01-15,daily_stress,,,,,,,,,,,,,,,,,,,,,,,1800,15480,,,
user_001,2024-01-16,sleep,79,27000,6300,5940,13860,900,91,600,60,47,62,14.8,,,,,,,,,,,,,
user_001,2024-01-16,readiness,,,,,,,,,,,,,78,,,,,,,,0.3,,,,
user_001,2024-01-16,activity,,,,,,,,,,,,,,,74,7823,2234,745,2880,5040,7200,,,,,
user_001,2024-01-16,spo2,,,,,,,,,,,,,,,,,,,,,,,,,97.1,,
user_002,2024-01-16,sleep,68,24300,4860,4680,13500,1260,85,840,64,49,55,15.5,,,,,,,,,,,,,
user_002,2024-01-16,readiness,,,,,,,,,,,,,71,,,,,,,,0.6,,,,
user_002,2024-01-16,activity,,,,,,,,,,,,,,,61,5678,2034,589,1920,3960,5760,,,,,
user_002,2024-01-16,daily_stress,,,,,,,,,,,,,,,,,,,,,,,3120,10800,,,
user_003,2024-01-16,sleep,87,29400,7560,6660,14580,600,95,420,56,45,69,14.1,,,,,,,,,,,,,
user_003,2024-01-16,readiness,,,,,,,,,,,,,85,,,,,,,,0.0,,,,
user_003,2024-01-16,activity,,,,,,,,,,,,,,,88,11234,2876,1123,4860,8100,8820,,,,,
user_004,2024-01-15,sleep,76,26400,6000,5760,13920,720,90,540,59,46,60,14.6,,,,,,,,,,,,,
user_004,2024-01-15,readiness,,,,,,,,,,,,,79,,,,,,,,0.1,,,,
user_004,2024-01-15,activity,,,,,,,,,,,,,,,71,7456,2345,823,2700,5400,7020,,,,,
user_004,2024-01-15,spo2,,,,,,,,,,,,,,,,,,,,,,,,,96.5,,
user_004,2024-01-15,cardiovascular_age,,,,,,,,,,,,,,,,,,,,,,,,,,,38
user_005,2024-01-15,sleep,83,28200,6900,6300,14400,600,93,450,57,45,67,14.2,,,,,,,,,,,,,
user_005,2024-01-15,readiness,,,,,,,,,,,,,84,,,,,,,,,-0.2,,,,
user_005,2024-01-15,activity,,,,,,,,,,,,,,,81,9876,2654,967,3780,6480,7920,,,,,
user_005,2024-01-15,daily_stress,,,,,,,,,,,,,,,,,,,,,,,2160,13320,,,
user_005,2024-01-15,vo2_max,,,,,,,,,,,,,,,,,,,,,,,,,,48.7,
user_001,2024-01-17,sleep,88,29700,7740,6840,14520,600,95,390,57,45,68,14.0,,,,,,,,,,,,,
user_001,2024-01-17,readiness,,,,,,,,,,,,,86,,,,,,,,,-0.1,,,,
user_001,2024-01-17,activity,,,,,,,,,,,,,,,85,10234,2765,1045,4320,7560,8640,,,,,
user_002,2024-01-17,sleep,74,26100,5700,5400,14100,900,89,660,61,48,59,15.0,,,,,,,,,,,,,
user_002,2024-01-17,readiness,,,,,,,,,,,,,75,,,,,,,,0.4,,,,
user_002,2024-01-17,activity,,,,,,,,,,,,,,,68,6890,2198,712,2520,4680,6300,,,,,
user_002,2024-01-17,spo2,,,,,,,,,,,,,,,,,,,,,,,,,96.9,,
user_003,2024-01-17,sleep,90,30300,7920,6960,14820,600,96,360,55,44,71,13.9,,,,,,,,,,,,,
user_003,2024-01-17,readiness,,,,,,,,,,,,,87,,,,,,,,,-0.2,,,,
user_003,2024-01-17,activity,,,,,,,,,,,,,,,90,11890,2934,1189,5040,8280,9180,,,,,
user_003,2024-01-17,daily_stress,,,,,,,,,,,,,,,,,,,,,,,1680,15840,,,
user_004,2024-01-16,sleep,81,27600,6600,6180,14220,600,92,480,58,46,64,14.4,,,,,,,,,,,,,
user_004,2024-01-16,readiness,,,,,,,,,,,,,81,,,,,,,,0.2,,,,
user_004,2024-01-16,activity,,,,,,,,,,,,,,,76,8234,2456,878,3120,5760,7560,,,,,
user_004,2024-01-16,cardiovascular_age,,,,,,,,,,,,,,,,,,,,,,,,,,,37
user_005,2024-01-16,sleep,85,28500,7050,6450,14400,600,94,420,57,45,66,14.3,,,,,,,,,,,,,
user_005,2024-01-16,readiness,,,,,,,,,,,,,83,,,,,,,,0.0,,,,
user_005,2024-01-16,activity,,,,,,,,,,,,,,,83,10123,2723,1012,4080,6840,8280,,,,,
user_005,2024-01-16,spo2,,,,,,,,,,,,,,,,,,,,,,,,,97.2,,
user_006,2024-01-15,sleep,77,26700,6120,5820,14160,600,91,510,59,47,61,14.5,,,,,,,,,,,,,
user_006,2024-01-15,readiness,,,,,,,,,,,,,78,,,,,,,,0.3,,,,
user_006,2024-01-15,activity,,,,,,,,,,,,,,,72,7654,2398,834,2880,5220,7140,,,,,
user_006,2024-01-15,daily_stress,,,,,,,,,,,,,,,,,,,,,,,2520,12240,,,
user_006,2024-01-15,vo2_max,,,,,,,,,,,,,,,,,,,,,,,,,,46.3,
user_007,2024-01-15,sleep,82,27900,6720,6240,14340,600,93,450,58,46,65,14.3,,,,,,,,,,,,,
user_007,2024-01-15,readiness,,,,,,,,,,,,,82,,,,,,,,0.1,,,,
user_007,2024-01-15,activity,,,,,,,,,,,,,,,79,9012,2589,934,3600,6120,7920,,,,,
user_007,2024-01-15,spo2,,,,,,,,,,,,,,,,,,,,,,,,,96.7,,
user_008,2024-01-15,sleep,70,25500,5280,4920,14220,1080,87,720,63,49,57,15.3,,,,,,,,,,,,,
user_008,2024-01-15,readiness,,,,,,,,,,,,,73,,,,,,,,0.5,,,,
user_008,2024-01-15,activity,,,,,,,,,,,,,,,64,6123,2089,623,2280,4200,6480,,,,,
user_008,2024-01-15,cardiovascular_age,,,,,,,,,,,,,,,,,,,,,,,,,,,44
user_001,2024-01-18,sleep,86,29100,7380,6660,14460,600,94,420,57,45,67,14.1,,,,,,,,,,,,,
user_001,2024-01-18,readiness,,,,,,,,,,,,,85,,,,,,,,0.0,,,,
user_001,2024-01-18,activity,,,,,,,,,,,,,,,82,9678,2689,989,3960,7020,8460,,,,,
user_001,2024-01-18,daily_stress,,,,,,,,,,,,,,,,,,,,,,,2040,13680,,,
user_002,2024-01-18,sleep,75,26400,5880,5580,14340,600,90,600,60,48,60,14.9,,,,,,,,,,,,,
user_002,2024-01-18,readiness,,,,,,,,,,,,,77,,,,,,,,0.3,,,,
user_002,2024-01-18,activity,,,,,,,,,,,,,,,69,7123,2234,734,2640,4920,6660,,,,,
user_003,2024-01-18,sleep,89,30000,7800,6900,14700,600,96,380,55,44,70,14.0,,,,,,,,,,,,,
user_003,2024-01-18,readiness,,,,,,,,,,,,,86,,,,,,,,,-0.1,,,,
user_003,2024-01-18,activity,,,,,,,,,,,,,,,89,11567,2898,1156,4920,8460,9000,,,,,
user_003,2024-01-18,spo2,,,,,,,,,,,,,,,,,,,,,,,,,97.0,,
user_004,2024-01-17,sleep,80,27300,6480,6060,14160,600,92,510,58,46,63,14.5,,,,,,,,,,,,,
user_004,2024-01-17,readiness,,,,,,,,,,,,,80,,,,,,,,0.2,,,,
user_004,2024-01-17,activity,,,,,,,,,,,,,,,75,8012,2423,856,3000,5580,7440,,,,,
user_005,2024-01-17,sleep,84,28350,6990,6390,14370,600,93,450,57,45,66,14.3,,,,,,,,,,,,,
user_005,2024-01-17,readiness,,,,,,,,,,,,,83,,,,,,,,0.1,,,,
user_005,2024-01-17,activity,,,,,,,,,,,,,,,82,9989,2701,1001,3960,6720,8160,,,,,
user_005,2024-01-17,daily_stress,,,,,,,,,,,,,,,,,,,,,,,2100,13500,,,
user_006,2024-01-16,sleep,78,26850,6240,5940,14070,600,91,540,59,47,62,14.4,,,,,,,,,,,,,
user_006,2024-01-16,readiness,,,,,,,,,,,,,79,,,,,,,,0.2,,,,
user_006,2024-01-16,activity,,,,,,,,,,,,,,,73,7890,2445,867,2940,5400,7320,,,,,
user_007,2024-01-16,sleep,83,28050,6780,6300,14370,600,93,480,58,46,65,14.2,,,,,,,,,,,,,
user_007,2024-01-16,readiness,,,,,,,,,,,,,82,,,,,,,,0.1,,,,
user_007,2024-01-16,activity,,,,,,,,,,,,,,,80,9234,2623,956,3720,6300,8040,,,,,
user_007,2024-01-16,spo2,,,,,,,,,,,,,,,,,,,,,,,,,96.8,,
user_008,2024-01-16,sleep,71,25650,5400,5040,14130,1080,88,690,62,49,58,15.2,,,,,,,,,,,,,
user_008,2024-01-16,readiness,,,,,,,,,,,,,74,,,,,,,,0.4,,,,
user_008,2024-01-16,activity,,,,,,,,,,,,,,,65,6345,2123,645,2340,4380,6540,,,,,
user_008,2024-01-16,cardiovascular_age,,,,,,,,,,,,,,,,,,,,,,,,,,,43
user_009,2024-01-15,sleep,84,28650,7110,6510,14430,600,94,420,57,45,66,14.2,,,,,,,,,,,,,
user_009,2024-01-15,readiness,,,,,,,,,,,,,83,,,,,,,,0.0,,,,
user_009,2024-01-15,activity,,,,,,,,,,,,,,,81,9567,2678,978,3840,6600,8280,,,,,
user_009,2024-01-15,daily_stress,,,,,,,,,,,,,,,,,,,,,,,2220,13320,,,
user_009,2024-01-15,vo2_max,,,,,,,,,,,,,,,,,,,,,,,,,,47.5,
user_010,2024-01-15,sleep,73,25800,5580,5280,13860,1080,89,660,61,48,59,15.1,,,,,,,,,,,,,
user_010,2024-01-15,readiness,,,,,,,,,,,,,75,,,,,,,,0.4,,,,
user_010,2024-01-15,activity,,,,,,,,,,,,,,,67,6789,2178,689,2460,4560,6420,,,,,
user_010,2024-01-15,spo2,,,,,,,,,,,,,,,,,,,,,,,,,96.6,,
